strategy,tau_min,k,bin_type,bin,n,mean_ic_dAUC,t_p,wilcoxon_p
bridges,0,1,size,small,1829,-15.876079825041007,3.502959039931689e-13,2.698902914592538e-53
bridges,0,1,size,medium,1931,-18.44811755567064,8.431400800292397e-06,1.1450571114412e-17
bridges,0,1,size,large,1603,-43.54415782907049,5.523276957954485e-05,2.992174092092682e-16
bridges,0,3,size,small,1829,-35.38421541826134,4.543293776592364e-40,5.911216202651532e-257
bridges,0,3,size,medium,1931,-64.53295442775764,5.070375229294757e-31,6.635869532414372e-201
bridges,0,3,size,large,1603,-155.27015283842795,4.48715542682982e-22,4.9990689311727974e-138
bridges,0,5,size,small,1829,-37.71724439584472,4.224332012063859e-38,5.309218611403708e-261
bridges,0,5,size,medium,1931,-63.65520714655619,3.8061370376847496e-30,1.6753598454747142e-206
bridges,0,5,size,large,1603,-158.2519993761697,8.720343863135325e-23,2.368212421426222e-137
bridges,0,10,size,small,1829,-35.883182066703114,1.5168598580051935e-40,4.848105176115186e-260
bridges,0,10,size,medium,1931,-68.35667788710512,3.512443723660052e-29,6.351073055635539e-200
bridges,0,10,size,large,1603,-157.6875327510917,1.458338214910153e-28,3.2479965488807947e-142
bridges,15,1,size,small,1829,0.3112137780207759,0.8508549130897586,0.32650058576573204
bridges,15,1,size,medium,1931,-2.74006473329881,0.5265824444245399,0.871312203993446
bridges,15,1,size,large,1603,4.122223955084203,0.7338969257189455,0.2851860264022744
bridges,15,3,size,small,1829,-1.090781848004372,0.5381813568541782,0.5086621406400513
bridges,15,3,size,medium,1931,1.7993552563438602,0.6631352228677756,0.9691079802753712
bridges,15,3,size,large,1603,-14.509940736119773,0.1488573742296522,0.0014073743047370115
bridges,15,5,size,small,1829,-0.016309458720612315,0.9918390859154753,0.20721402449260218
bridges,15,5,size,medium,1931,-1.909619368203006,0.5678019463023194,0.5901570632093114
bridges,15,5,size,large,1603,-28.94532439176544,0.002765818139562482,8.317779729317729e-08
bridges,15,10,size,small,1829,-1.3973701476216513,0.47054530085522683,0.201203203664025
bridges,15,10,size,medium,1931,-0.8508311755567058,0.8641872556376812,0.4388100196605079
bridges,15,10,size,large,1603,-58.9003774173425,5.336430253644458e-10,6.998635222420835e-11
bridges,30,1,size,small,1829,1.5724986331328599,0.31288589343386186,0.17189999092344987
bridges,30,1,size,medium,1931,0.949810978767475,0.7736080610747871,0.14344733246391228
bridges,30,1,size,large,1603,9.991918278228326,0.272038257684559,0.17689339610099486
bridges,30,3,size,small,1829,-0.526096227446694,0.7261613441238299,0.4735417851674565
bridges,30,3,size,medium,1931,2.9635551527705823,0.47687283851222795,0.9799775063158603
bridges,30,3,size,large,1603,-7.752142857142868,0.42323157423079383,0.01682182675596164
bridges,30,5,size,small,1829,-0.2776161837069439,0.8737262406520098,0.5936816045203768
bridges,30,5,size,medium,1931,3.166993785603314,0.49566665794607834,0.8475160351015009
bridges,30,5,size,large,1603,-15.859223331253899,0.1396600665822517,4.556838089940475e-06
bridges,30,10,size,small,1829,0.9692892290869332,0.5390668339391254,0.2515157422065608
bridges,30,10,size,medium,1931,-1.560339202485757,0.7067164772613654,0.1713959025184406
bridges,30,10,size,large,1603,-32.01829382407985,0.009512180575168358,6.349738973009235e-07
bridges,60,1,size,small,1829,-0.8196828868233996,0.6315613612762172,0.21712841464365362
bridges,60,1,size,medium,1931,2.7302874158467123,0.585822886677182,0.4490906371245319
bridges,60,1,size,large,1603,-2.1428290704928465,0.8212630082322891,0.467572315522481
bridges,60,3,size,small,1829,-0.9599179879715696,0.5359959952233695,0.33611808894529127
bridges,60,3,size,medium,1931,-1.5130269290523046,0.6838674213572771,0.8051036984286323
bridges,60,3,size,large,1603,-7.802454772301942,0.4102649831816729,0.07122027788427117
bridges,60,5,size,small,1829,0.07504647348277696,0.9636435276014703,0.34574677671125176
bridges,60,5,size,medium,1931,0.7155282237182788,0.8687402057854153,0.16805724598062877
bridges,60,5,size,large,1603,-3.6058234560199853,0.7394981716726698,0.23798557628261974
bridges,60,10,size,small,1829,-0.4363750683433553,0.828742006264761,0.40832089958908635
bridges,60,10,size,medium,1931,1.9006913516312818,0.7122947882116157,0.4919620685466325
bridges,60,10,size,large,1603,-26.695461634435436,0.011573033710616036,9.02002884665105e-05
community,0,1,size,small,1829,-29.47191361399672,2.1383309053754337e-29,9.381769954851415e-166
community,0,1,size,medium,1931,-44.52707146556188,7.466821542722455e-15,2.0805217719954786e-98
community,0,1,size,large,1603,-94.85008421709297,9.029324986487366e-17,6.602793370738747e-64
community,0,3,size,small,1829,-36.94756697648988,5.190413246534543e-38,1.4491340637103078e-259
community,0,3,size,medium,1931,-63.04491196271363,3.043460377304334e-25,2.895429415496478e-204
community,0,3,size,large,1603,-155.87725826575175,1.270380213715425e-31,2.3745621723454154e-138
community,0,5,size,small,1829,-38.869491525423726,5.272244198034124e-38,5.975029200381299e-262
community,0,5,size,medium,1931,-63.25659502848266,9.037014919036793e-30,2.753876157979366e-205
community,0,5,size,large,1603,-150.86687149095445,4.912564002186499e-33,1.5780607828862317e-138
community,0,10,size,small,1829,-36.269923455440136,2.3602644518009504e-41,5.137266302871508e-261
community,0,10,size,medium,1931,-66.72290781978249,6.192481598789817e-36,2.8663735297638975e-209
community,0,10,size,large,1603,-160.73184965689333,8.752072185464185e-28,1.0507243058083714e-140
community,15,1,size,small,1829,-0.2106560962274475,0.8914390801029326,0.21732694139630537
community,15,1,size,medium,1931,0.768728638011391,0.8428629821439404,0.6683661989733647
community,15,1,size,large,1603,-21.01886774797255,0.03626665765722912,0.0020654946960041894
community,15,3,size,small,1829,-1.1020721705850207,0.5248087606328875,0.30784665204513717
community,15,3,size,medium,1931,-3.3936224754013464,0.3274424761316631,0.4526659283900385
community,15,3,size,large,1603,-39.8364909544604,0.0012994925137872527,4.028414086491296e-08
community,15,5,size,small,1829,-2.058572990705301,0.2363445617586941,0.885985593396987
community,15,5,size,medium,1931,-0.5138865872604927,0.8902449145437484,0.6908944840767375
community,15,5,size,large,1603,-53.338711790393006,2.762335620627969e-07,6.629483438070078e-12
community,15,10,size,small,1829,-2.2943083652269,0.16989409111996348,0.8672764110931396
community,15,10,size,medium,1931,-0.8166105644743673,0.8528773576824548,0.5025905529613983
community,15,10,size,large,1603,-57.709160948222085,4.1073597227876615e-07,4.7476587528378706e-12
community,30,1,size,small,1829,-1.2450410060142152,0.43287766368388103,0.2607103635068243
community,30,1,size,medium,1931,4.3397643707923335,0.3563142677999288,0.8652129219051976
community,30,1,size,large,1603,-14.398368683718042,0.15208698858245953,0.13886714898886895
community,30,3,size,small,1829,-1.0383980317113182,0.5447650744900001,0.7175892370400627
community,30,3,size,medium,1931,-3.230163127913002,0.4281072673073516,0.5289630393786686
community,30,3,size,large,1603,-30.787308172177177,0.03490126343243615,0.00011328707376274239
community,30,5,size,small,1829,0.040634226353198556,0.9807700687909994,0.5400799101020353
community,30,5,size,medium,1931,-10.915233039875714,0.006616556609212395,0.12460017766306827
community,30,5,size,large,1603,-29.772835308796022,0.01608770520359715,8.693732744830535e-07
community,30,10,size,small,1829,-2.4453909240021865,0.18045312620812362,0.6943857783227247
community,30,10,size,medium,1931,-2.8958337648886614,0.43403086244532185,0.3829011956153987
community,30,10,size,large,1603,-43.89441983780412,0.00011122028690117306,1.2832709127408495e-09
community,60,1,size,small,1829,0.7148660470202295,0.6496775996242172,0.00849211104200163
community,60,1,size,medium,1931,0.11618591403417801,0.9755100727101167,0.4564258875575935
community,60,1,size,large,1603,0.6121116656269444,0.9565373911912839,0.13151219706398468
community,60,3,size,small,1829,-1.7509841443411693,0.3404120919859951,0.24898219344154804
community,60,3,size,medium,1931,0.06539875712065926,0.9882739628735322,0.10646854357885327
community,60,3,size,large,1603,-13.170265127885214,0.2196451980298727,0.0002985788953530275
community,60,5,size,small,1829,-0.6335483870967739,0.7295673396138225,0.3162455362231794
community,60,5,size,medium,1931,-0.39692128430865087,0.9281146700053582,0.23725737379386047
community,60,5,size,large,1603,-24.202791640673745,0.015214727753444745,0.009420652023441209
community,60,10,size,small,1829,-1.637741935483869,0.34561058434186764,0.367601420820174
community,60,10,size,medium,1931,-2.0463619886069395,0.6007698136191618,0.5382111348763938
community,60,10,size,large,1603,-15.284544603867758,0.12437348805272362,0.00019930439619931088
earliest,0,1,size,small,1829,-36.99428102788409,2.5182417625592103e-40,4.2313712019372935e-264
earliest,0,1,size,medium,1931,-66.23303210771621,4.4647573868167155e-29,2.247920492304816e-196
earliest,0,1,size,large,1603,-152.33221771678106,2.4344202885330747e-28,7.531040991739182e-135
earliest,0,3,size,small,1829,-35.66746856205576,1.7584619356885273e-40,1.5086555018539242e-257
earliest,0,3,size,medium,1931,-59.44996116002071,3.099549009681618e-26,2.5278895425223662e-192
earliest,0,3,size,large,1603,-161.41208047411106,3.758683623068705e-26,5.066260558941884e-137
earliest,0,5,size,small,1829,-37.83726079825041,1.8653319231901275e-40,5.957822518586924e-267
earliest,0,5,size,medium,1931,-62.85259709994821,1.106422769154422e-26,3.021272149922618e-202
earliest,0,5,size,large,1603,-162.94622894572677,1.104893225599011e-24,7.193870528685732e-139
earliest,0,10,size,small,1829,-37.46519409513395,5.1929968362596095e-40,1.828946652954673e-267
earliest,0,10,size,medium,1931,-62.95232780942517,8.49814611890089e-28,2.0757900941295397e-198
earliest,0,10,size,large,1603,-151.38364004990646,1.963806030473794e-33,5.081492869928861e-135
earliest,15,1,size,small,1829,-0.524849644614543,0.7814438060092807,0.4557500197258262
earliest,15,1,size,medium,1931,-1.5592206110823428,0.714424112403136,0.6871516953841696
earliest,15,1,size,large,1603,-6.193290704928268,0.532831170081832,0.45425924390647077
earliest,15,3,size,small,1829,-0.6871350464734833,0.6803529124597791,0.27328773117350214
earliest,15,3,size,medium,1931,-6.317584153288446,0.06309008752960678,0.4879213039614595
earliest,15,3,size,large,1603,-16.374731752963196,0.12168315360238054,0.012468283893790172
earliest,15,5,size,small,1829,-0.9373974849644626,0.5742259470731621,0.6992954971689683
earliest,15,5,size,medium,1931,-3.828505955463494,0.3181281022681752,0.22617331407897656
earliest,15,5,size,large,1603,-29.15649719276357,0.0031577181172215227,2.336818619229443e-06
earliest,15,10,size,small,1829,-1.4031765992345537,0.37744435486495564,0.7773093759807419
earliest,15,10,size,medium,1931,-3.446242879337133,0.4026137081483929,0.8512873545066816
earliest,15,10,size,large,1603,-47.112866500311924,0.00010387216226498733,3.8744673647373126e-08
earliest,30,1,size,small,1829,-0.4296555494805899,0.7812103259449308,0.6152393250528797
earliest,30,1,size,medium,1931,-1.0378948731227327,0.7834236735174608,0.8489787821173282
earliest,30,1,size,large,1603,3.262061759201483,0.7684381088406516,0.20179596091858265
earliest,30,3,size,small,1829,-1.339436850738108,0.4843136936064678,0.3129285090906082
earliest,30,3,size,medium,1931,-2.0787338166753013,0.6484602040091468,0.8082246203084485
earliest,30,3,size,large,1603,-3.823378041172801,0.7776163913613431,0.04729886556967873
earliest,30,5,size,small,1829,-0.14201749589939677,0.9297377851287618,0.1654835709767979
earliest,30,5,size,medium,1931,0.9906447436561364,0.8186871573771721,0.437393332465431
earliest,30,5,size,large,1603,-13.375399251403627,0.18828271927467274,0.01500724972906095
earliest,30,10,size,small,1829,-2.2897977036632025,0.2281257801532123,0.922157247302178
earliest,30,10,size,medium,1931,-2.1559735888140903,0.5868477579146931,0.6283398555392886
earliest,30,10,size,large,1603,-39.241575171553336,0.0005815451641920977,4.4053912902713405e-09
earliest,60,1,size,small,1829,-2.1962547840349926,0.19492518822798371,0.15439849014610701
earliest,60,1,size,medium,1931,-1.3124728120145004,0.7300520614262493,0.6471490353561717
earliest,60,1,size,large,1603,8.87722707423579,0.3645859515726455,0.7077185823290151
earliest,60,3,size,small,1829,-1.1779551667577894,0.5017096128277887,0.19071835472136855
earliest,60,3,size,medium,1931,-5.599065251165199,0.15335167574183003,0.7963830398885055
earliest,60,3,size,large,1603,-2.717701185277617,0.7853178009586316,0.026411986547926543
earliest,60,5,size,small,1829,-0.25347731000546625,0.8853173822265705,0.4203678654986559
earliest,60,5,size,medium,1931,1.3653158984981866,0.7444699236000929,0.5150134565632356
earliest,60,5,size,large,1603,-17.74589207735497,0.08573828094809183,0.03951667839243956
earliest,60,10,size,small,1829,-0.04388737014762189,0.9790388226567457,0.05437382155624771
earliest,60,10,size,medium,1931,-2.7893656136716714,0.5064533479216573,0.18125510507874454
earliest,60,10,size,large,1603,-17.241007485963824,0.11320730953269958,0.0007359223128419586
hubs,0,1,size,small,1829,-30.025948605795516,9.57913382161356e-33,1.2854869477785583e-182
hubs,0,1,size,medium,1931,-44.80080010357329,3.8187658950829324e-23,8.465544523502851e-121
hubs,0,1,size,large,1603,-100.21194323144104,6.642462124276763e-15,2.9607021358850895e-65
hubs,0,3,size,small,1829,-36.47310005467469,8.233178920101845e-39,2.127509063962056e-258
hubs,0,3,size,medium,1931,-68.55277835318488,3.496342090919788e-24,1.783737320445251e-206
hubs,0,3,size,large,1603,-166.54889893948845,3.299870016297189e-26,2.2092011425281076e-132
hubs,0,5,size,small,1829,-34.84747949699289,1.8599048781244114e-41,3.116273583531057e-257
hubs,0,5,size,medium,1931,-68.55354997410667,6.400810835771982e-27,2.4361204420448874e-203
hubs,0,5,size,large,1603,-162.74994073611978,2.697579423145969e-31,2.4123676512317533e-132
hubs,0,10,size,small,1829,-36.231962821213784,4.711721362451606e-41,2.2747557945636357e-261
hubs,0,10,size,medium,1931,-66.86132314862765,1.809309668448849e-28,4.6669060331534426e-200
hubs,0,10,size,large,1603,-157.46849968808485,1.48575576555808e-29,5.547709266657941e-140
hubs,15,1,size,small,1829,-1.1867851284855104,0.42601525303774557,0.902257906439665
hubs,15,1,size,medium,1931,-0.37310460901087716,0.9329688371350622,0.5243362480570436
hubs,15,1,size,large,1603,-11.936041796631327,0.2151128382831771,0.07367695308580025
hubs,15,3,size,small,1829,-1.6956752323674136,0.36276727625883576,0.49295877437057567
hubs,15,3,size,medium,1931,-4.412793889176594,0.31206532856116154,0.13320421415987774
hubs,15,3,size,large,1603,-45.82813162819715,0.0001040611629262284,2.6690383618349125e-08
hubs,15,5,size,small,1829,-1.3667796610169476,0.3980054893187124,0.08337104397561299
hubs,15,5,size,medium,1931,-4.53199119627136,0.31543785961036486,0.6055983679792916
hubs,15,5,size,large,1603,-53.33144416718652,2.629343179555256e-05,2.7664228476953283e-10
hubs,15,10,size,small,1829,-1.1923892837616177,0.5284116972187254,0.8789320815108482
hubs,15,10,size,medium,1931,-1.330095805282238,0.7493560553406771,0.4886979275611054
hubs,15,10,size,large,1603,-61.39224890829694,8.860363973747917e-08,1.143779252334767e-11
hubs,30,1,size,small,1829,-0.523433570256969,0.7615000901034777,0.5223150779515571
hubs,30,1,size,medium,1931,-1.381343863283273,0.7081017878507965,0.37412083448943145
hubs,30,1,size,large,1603,-6.353627573300073,0.5756092171197086,0.023397516404926107
hubs,30,3,size,small,1829,-1.5262383816293046,0.4296881142750911,0.33730491566689647
hubs,30,3,size,medium,1931,-1.4719601242879337,0.6690871808392842,0.41489481733515265
hubs,30,3,size,large,1603,-40.502897691827826,0.000311102898431689,7.599302434508789e-07
hubs,30,5,size,small,1829,-1.889245489338437,0.28139977398071603,0.931772453356968
hubs,30,5,size,medium,1931,1.3426903158984975,0.7065222345316686,0.3338170865500081
hubs,30,5,size,large,1603,-35.26808172177168,0.0020296880479104187,1.229093390074731e-09
hubs,30,10,size,small,1829,-1.271109896118095,0.44542690463808443,0.7967299089107099
hubs,30,10,size,medium,1931,-2.2203547384774724,0.6043732828875876,0.4687200422483886
hubs,30,10,size,large,1603,-40.545218340611356,0.00010529937388731952,1.8117608230067226e-10
hubs,60,1,size,small,1829,-0.44939857845817527,0.7939465586843534,0.5044834952050505
hubs,60,1,size,medium,1931,2.6063153806317954,0.5608101869377776,0.4261585270463675
hubs,60,1,size,large,1603,-7.6263537117904034,0.383475001731305,0.03823214309703624
hubs,60,3,size,small,1829,-1.0743302351011472,0.5503898688026074,0.42044579264501114
hubs,60,3,size,medium,1931,-5.998329880890729,0.21162484569682438,0.6209766168649382
hubs,60,3,size,large,1603,-18.741119775421105,0.04321511598277636,0.00031217279350005656
hubs,60,5,size,small,1829,-2.5751995626025144,0.10949537261908782,0.7305290299244751
hubs,60,5,size,medium,1931,-0.6207017089590864,0.867517570712057,0.9497471755420789
hubs,60,5,size,large,1603,-16.49816281971305,0.1269189333217653,0.0014642849598745216
hubs,60,10,size,small,1829,-1.722033898305085,0.32019868696234594,0.24863036081110734
hubs,60,10,size,medium,1931,-0.8078223718280729,0.8337670179730745,0.945513665896452
hubs,60,10,size,large,1603,-30.921862133499694,0.009695256620671834,0.006665277628068136
random,0,1,size,small,1829,-18.405691634773103,2.2938521701518057e-16,3.5632202014096976e-76
random,0,1,size,medium,1931,-30.977755049197306,1.8438303161632402e-09,2.448152761330281e-55
random,0,1,size,large,1603,-72.97866812227075,9.73958096012279e-09,4.6492250932111414e-37
random,0,3,size,small,1829,-36.182941498086386,3.9477864733177195e-38,1.848319775761254e-257
random,0,3,size,medium,1931,-65.37494821336095,1.5176884714277018e-25,3.73295217008163e-201
random,0,3,size,large,1603,-163.56855583281347,6.2970022340420594e-27,3.307995640208352e-137
random,0,5,size,small,1829,-35.895401858939316,2.5235201921574847e-40,1.9539165828116555e-254
random,0,5,size,medium,1931,-62.207723977213874,2.153095890262596e-27,5.712691207201012e-199
random,0,5,size,large,1603,-147.57314098565192,9.033570228745854e-32,7.851294335260216e-137
random,0,10,size,small,1829,-36.44220338983051,1.8777856195430693e-41,1.0560747223989609e-259
random,0,10,size,medium,1931,-62.76178404971518,3.67468856444278e-23,5.329809439164495e-193
random,0,10,size,large,1603,-151.86564878353087,2.0241902867215882e-26,1.5958633254890415e-144
random,15,1,size,small,1829,-1.0851448879168946,0.4913783877285891,0.7078219362307842
random,15,1,size,medium,1931,-1.0577705851890167,0.803207946769555,0.74810356218676
random,15,1,size,large,1603,0.4779819089207616,0.9574806107857787,0.16894957632795093
random,15,3,size,small,1829,-2.105910333515583,0.14378824004689253,0.6047276493847333
random,15,3,size,medium,1931,2.8889098912480575,0.5183729815309712,0.8509695878140207
random,15,3,size,large,1603,-20.746066749844047,0.07987932479747918,0.0009021881093143703
random,15,5,size,small,1829,-2.4301913613996713,0.1333469112531893,0.35433391510979617
random,15,5,size,medium,1931,-4.727004142931124,0.19158864674903753,0.24776607288537478
random,15,5,size,large,1603,-35.223041172801004,0.002309225719712497,1.4871843850137479e-07
random,15,10,size,small,1829,-0.5252487698195722,0.7715383703674935,0.4422884612095037
random,15,10,size,medium,1931,-1.66274728120145,0.692994978428543,0.40598517953591406
random,15,10,size,large,1603,-46.34964129756708,5.868284772412463e-05,9.698661230892212e-12
random,30,1,size,small,1829,0.9361673045379989,0.5808692348933857,0.13960383681654503
random,30,1,size,medium,1931,2.43516571724495,0.5838467637081486,0.20411536857110546
random,30,1,size,large,1603,4.151531503431051,0.662557913863266,0.8862974722810533
random,30,3,size,small,1829,0.01838709677419479,0.9912057869885234,0.11426494619252178
random,30,3,size,medium,1931,4.104482133609529,0.3143065977697289,0.1482682503597666
random,30,3,size,large,1603,-6.955704928259518,0.513081188884184,0.013548590179424074
random,30,5,size,small,1829,0.2056533624931667,0.9103073645842994,0.42426517133762176
random,30,5,size,medium,1931,1.076900569653028,0.8253704610611319,0.9238714614847148
random,30,5,size,large,1603,-26.004613225202753,0.012495349526647086,7.052383393034987e-05
random,30,10,size,small,1829,0.06873701476216516,0.9659675448002052,0.12248234098329704
random,30,10,size,medium,1931,-7.448086483687207,0.10634273413054353,0.670332396720484
random,30,10,size,large,1603,-45.502953836556465,1.3812851605534886e-05,1.5418093786447893e-08
random,60,1,size,small,1829,-1.0746200109349373,0.5279152048381454,0.5355235539452902
random,60,1,size,medium,1931,-0.990670636975662,0.7908976055907442,0.9196660195236634
random,60,1,size,large,1603,7.02237367436057,0.4868125892360996,0.547195295960563
random,60,3,size,small,1829,-0.8055440131219231,0.6657218146923123,0.07638491307421418
random,60,3,size,medium,1931,-2.761343863283277,0.4687182594803213,0.5638241219777753
random,60,3,size,large,1603,-9.886466001247666,0.3248170012163508,0.20421044150597456
random,60,5,size,small,1829,-2.1801804264625475,0.23320846532131317,0.8366481005296778
random,60,5,size,medium,1931,-1.040556706369755,0.8070087357909618,0.8815874252053831
random,60,5,size,large,1603,-16.522111665626955,0.12881253489176056,0.005096539641429767
random,60,10,size,small,1829,-0.538102788408967,0.7707219409237777,0.19222140362750462
random,60,10,size,medium,1931,-0.30299585706887905,0.9507107995174291,0.26588481988173407
random,60,10,size,large,1603,-24.27840611353713,0.018902102408051392,0.0003712489181436972
bridges,0,1,duration,short,1788,-0.9036325503355704,2.015553930022783e-22,4.595815470595541e-32
bridges,0,1,duration,medium,1787,-5.9537576944599895,6.880370470190871e-29,1.3293982575975941e-33
bridges,0,1,duration,long,1788,-68.34837248322148,3.0052037160933846e-10,4.676801615777103e-24
bridges,0,3,duration,short,1788,-2.942653803131991,1.4762110306798824e-147,4.861582654790559e-204
bridges,0,3,duration,medium,1787,-18.332067711247905,5.603881724688265e-170,5.0339323742785205e-219
bridges,0,3,duration,long,1788,-223.8300055928412,1.594256561258887e-46,2.2377122680434966e-188
bridges,0,5,duration,short,1788,-3.0350027964205815,8.81974671664803e-155,1.0132258251778109e-215
bridges,0,5,duration,medium,1787,-17.74662283156128,5.816410217780732e-166,5.18135827276621e-217
bridges,0,5,duration,long,1788,-228.43467561521257,5.3998724879180036e-48,4.584375014516637e-193
bridges,0,10,duration,short,1788,-2.9727153243847875,2.2462716295530318e-148,1.0464856543960884e-208
bridges,0,10,duration,medium,1787,-18.464893676552883,2.5104126551032648e-174,1.6019174368377275e-222
bridges,0,10,duration,long,1788,-230.47439597315434,4.626420765425973e-58,4.607108601405609e-191
bridges,15,1,duration,short,1788,0.04007550335570473,0.6104379088416694,0.3146710767203006
bridges,15,1,duration,medium,1787,-0.2532988248461108,0.5803718691055504,0.4288270022271027
bridges,15,1,duration,long,1788,1.2679306487695619,0.9154626574027442,0.5632227396736695
bridges,15,3,duration,short,1788,-0.006921140939597287,0.9330168069648905,0.8962730478958366
bridges,15,3,duration,medium,1787,-1.3662870733072192,0.0036916699006089015,0.01252693640620496
bridges,15,3,duration,long,1788,-10.808719239373604,0.2896140780911024,0.029070395025913465
bridges,15,5,duration,short,1788,-0.007049776286353468,0.9320500919764785,0.9067220766017041
bridges,15,5,duration,medium,1787,-1.5133491885842196,0.0015871020331299827,0.021952377271366903
bridges,15,5,duration,long,1788,-26.509899328859067,0.005365398832221061,0.00022246882484180643
bridges,15,10,duration,short,1788,-0.05207774049216991,0.520729277887857,0.7311253260275666
bridges,15,10,duration,medium,1787,-1.9390570789031893,0.00011803752082675337,0.009360313003504556
bridges,15,10,duration,long,1788,-53.164340044742744,2.10334415075025e-07,0.00011158531504980425
bridges,30,1,duration,short,1788,0.06146812080536916,0.4474792200795217,0.19942333345096597
bridges,30,1,duration,medium,1787,-0.2675685506435369,0.5471202092188784,0.7676706652906001
bridges,30,1,duration,long,1788,11.798361297539147,0.19138175945186922,0.9467424913775632
bridges,30,3,duration,short,1788,-0.012016219239373542,0.8777030398814326,0.8517425802006147
bridges,30,3,duration,medium,1787,-1.0902770005595974,0.014909397561942657,0.11103327688570598
bridges,30,3,duration,long,1788,-3.1859507829977813,0.7472392365073546,0.20416269789916563
bridges,30,5,duration,short,1788,-0.006848434004474228,0.9360219021081557,0.8454089811992423
bridges,30,5,duration,medium,1787,-1.2425825405707895,0.007781695069703972,0.007955417960264563
bridges,30,5,duration,long,1788,-9.833271812080536,0.37108428413923245,0.016458240910112387
bridges,30,10,duration,short,1788,-0.05939317673378077,0.4758624669004503,0.7718006887704534
bridges,30,10,duration,medium,1787,-2.3099244543928377,9.857531665043523e-07,0.00022298786223648277
bridges,30,10,duration,long,1788,-27.031029082774047,0.024791094842920646,0.0029824501724713148
bridges,60,1,duration,short,1788,0.009974832214765137,0.8994155365981354,0.7828300468189349
bridges,60,1,duration,medium,1787,-0.27933128147733655,0.5516429797563687,0.8844106409166872
bridges,60,1,duration,long,1788,0.4582550335570305,0.9642310680031004,0.9130738667069289
bridges,60,3,duration,short,1788,0.01635626398210287,0.8340443993966811,0.7712408783342677
bridges,60,3,duration,medium,1787,-0.8219613878007833,0.06912214371922099,0.15212461634644628
bridges,60,3,duration,long,1788,-8.805973154362421,0.3547989631902295,0.44415903404285406
bridges,60,5,duration,short,1788,0.06556767337807608,0.4253109708838698,0.19955376478361742
bridges,60,5,duration,medium,1787,-0.6641717963066593,0.14783568516177806,0.746528798697023
bridges,60,5,duration,long,1788,-1.7849832214765333,0.8700210877952227,0.8187941750547159
bridges,60,10,duration,short,1788,-0.01339765100671145,0.8638964135971927,0.8157730029589326
bridges,60,10,duration,medium,1787,-1.2673670956911025,0.005599256742480977,0.038611891540880565
bridges,60,10,duration,long,1788,-21.046968680089485,0.05969210328402989,0.01913735735480153
community,0,1,duration,short,1788,-2.0900922818791945,1.7324995014548627e-78,1.351179758050776e-117
community,0,1,duration,medium,1787,-12.450265808617795,1.0671067134903485e-84,1.1830332544917742e-119
community,0,1,duration,long,1788,-148.73874720357946,9.533310137877266e-35,1.1473179067576424e-100
community,0,3,duration,short,1788,-3.0302712527964206,7.047654130730931e-148,2.411593758361012e-214
community,0,3,duration,medium,1787,-18.71329882484611,5.637695982198351e-169,1.8395824299125286e-222
community,0,3,duration,long,1788,-223.897807606264,3.216093389045739e-60,1.2163077706300195e-187
community,0,5,duration,short,1788,-3.004052013422819,2.1720437227501847e-146,1.675893979482866e-211
community,0,5,duration,medium,1787,-18.555934527140458,2.86799252488052e-171,1.2634324441746464e-224
community,0,5,duration,long,1788,-221.783937360179,2.5317952068828375e-66,1.1161145241787914e-190
community,0,10,duration,short,1788,-2.992860738255034,2.112273705250753e-149,1.336534759392703e-211
community,0,10,duration,medium,1787,-18.65346110800224,4.231600911949972e-173,1.3685286229982038e-219
community,0,10,duration,long,1788,-231.62629194630875,2.7054487576047654e-58,8.131251166447123e-199
community,15,1,duration,short,1788,-0.01597035794183443,0.8444550043661916,0.5397899512874498
community,15,1,duration,medium,1787,-1.3353749300503643,0.006202062567713138,0.06922745417629676
community,15,1,duration,long,1788,-16.878775167785232,0.09273341518512318,0.17939363076704384
community,15,3,duration,short,1788,-0.026261185682326597,0.7564801226474225,0.4302451068452935
community,15,3,duration,medium,1787,-2.078144935646335,3.1531837795160944e-05,0.00969047659690632
community,15,3,duration,long,1788,-38.40384228187921,0.0011807017989214942,3.973258257831946e-05
community,15,5,duration,short,1788,-0.036697427293064855,0.6640094460536994,0.7674621061523338
community,15,5,duration,medium,1787,-1.8721628427532178,0.0002456458276791389,0.0184632490453015
community,15,5,duration,long,1788,-48.572835570469806,2.3082872537559958e-06,4.091985190702295e-07
community,15,10,duration,short,1788,-0.05344239373601786,0.5277161522439938,0.827697458462286
community,15,10,duration,medium,1787,-2.242011751538892,6.6346411429882735e-06,0.0005666779971037354
community,15,10,duration,long,1788,-52.67277404921701,3.7529243179669488e-06,7.829361938906666e-07
community,30,1,duration,short,1788,-0.06265939597315438,0.43236364597949495,0.9498161610737372
community,30,1,duration,medium,1787,-0.5633715724678233,0.20968258962786152,0.628232981727072
community,30,1,duration,long,1788,-8.869630872483233,0.39668096102533523,0.4704994404542352
community,30,3,duration,short,1788,-0.014029642058165596,0.8611424187619012,0.471236358699887
community,30,3,duration,medium,1787,-1.0392921096810295,0.02570029549408516,0.21745929134971898
community,30,3,duration,long,1788,-31.099793064876977,0.025329535851536814,0.018757290949522255
community,30,5,duration,short,1788,-0.057111297539149876,0.4641722379027815,0.7105160027323751
community,30,5,duration,medium,1787,-1.3715864577504202,0.0032712158168346868,0.03262049620499764
community,30,5,duration,long,1788,-37.011023489932896,0.002073323274890572,6.257599195290116e-05
community,30,10,duration,short,1788,0.039337248322147585,0.6332864832630161,0.4671188637368461
community,30,10,duration,medium,1787,-1.8946194739787354,0.0002114988601139203,0.0009351789504892339
community,30,10,duration,long,1788,-43.12744966442954,9.977334684691508e-05,3.9124505103029384e-06
community,60,1,duration,short,1788,0.064001677852349,0.4256364507152871,0.07135649895999208
community,60,1,duration,medium,1787,-0.7823978735310582,0.08420665196447451,0.44460936971415865
community,60,1,duration,long,1788,2.123473154362416,0.8465941733475308,0.9928743231388091
community,60,3,duration,short,1788,0.03016498881431764,0.716760599147044,0.09460259496736602
community,60,3,duration,medium,1787,-1.253796866256296,0.007146861449645504,0.015881877391161422
community,60,3,duration,long,1788,-12.305145413870251,0.2591713486529623,0.38928808812263704
community,60,5,duration,short,1788,-0.0721951901565995,0.3614411629080535,0.8394122282189845
community,60,5,duration,medium,1787,-0.48980693900391714,0.3044376965765599,0.8048051006654618
community,60,5,duration,long,1788,-22.21360178970918,0.030785061303847516,0.1441873293867824
community,60,10,duration,short,1788,0.02022651006711417,0.8057913535109327,0.15098612757259672
community,60,10,duration,medium,1787,-1.1518382764409634,0.011380278859251941,0.08265597967003235
community,60,10,duration,long,1788,-16.45744407158837,0.10028299758801734,0.06843007950303424
earliest,0,1,duration,short,1788,-2.9321280760626394,1.9665383227738857e-147,2.3402821511645707e-207
earliest,0,1,duration,medium,1787,-18.15411024062675,7.835384384237398e-170,1.8975106116337483e-220
earliest,0,1,duration,long,1788,-224.86746644295303,1.79781405688835e-58,3.945377659808488e-187
earliest,0,3,duration,short,1788,-2.91947706935123,3.906066999872084e-151,5.619381311833876e-215
earliest,0,3,duration,medium,1787,-18.2644012311136,1.419000056794368e-162,4.624676321500996e-214
earliest,0,3,duration,long,1788,-224.22747762863534,1.2246798972001782e-50,4.968206780778132e-183
earliest,0,5,duration,short,1788,-2.9157410514541393,3.3191703592481235e-143,7.922004564228243e-203
earliest,0,5,duration,medium,1787,-18.605968102965864,2.687711107207013e-172,1.0157989812647887e-226
earliest,0,5,duration,long,1788,-231.15956935123046,1.5936716777879023e-49,1.889497585965263e-188
earliest,0,10,duration,short,1788,-2.9524133109619686,5.569494851131811e-148,4.229503626075802e-204
earliest,0,10,duration,medium,1787,-17.99712087297146,1.2000190490594319e-170,3.857372738556174e-217
earliest,0,10,duration,long,1788,-221.09227628635347,1.098839057028697e-65,1.6049279490935938e-187
earliest,15,1,duration,short,1788,0.02736297539149888,0.7238235957950299,0.4425731363295202
earliest,15,1,duration,medium,1787,-0.40524622271964184,0.3834826680950364,0.3974757298407158
earliest,15,1,duration,long,1788,-7.395637583892628,0.4682123306854562,0.9410742047170967
earliest,15,3,duration,short,1788,0.05206655480984345,0.5069548530722077,0.26429905362766815
earliest,15,3,duration,medium,1787,-1.1779546726357017,0.012014184196598646,0.04959364743512947
earliest,15,3,duration,long,1788,-21.08098993288591,0.040673381810084897,0.08914909872929559
earliest,15,5,duration,short,1788,-0.06268736017897089,0.44418147963046706,0.9201121585097968
earliest,15,5,duration,medium,1787,-1.7379994404029098,0.00035691767673016664,0.012463452759666283
earliest,15,5,duration,long,1788,-29.433624161073837,0.002976415700596315,0.0006674684494489823
earliest,15,10,duration,short,1788,-0.09102069351230425,0.28841239118207707,0.5273003080267339
earliest,15,10,duration,medium,1787,-1.4667403469501967,0.0033027484749282446,0.042612070194638536
earliest,15,10,duration,long,1788,-45.83848993288591,0.00011042145054888897,7.368817180186522e-05
earliest,30,1,duration,short,1788,0.0024133109619687344,0.9771122169951045,0.9905980822770174
earliest,30,1,duration,medium,1787,-0.6836010072747624,0.12935602194415377,0.24040768760009357
earliest,30,1,duration,long,1788,2.0449384787471905,0.8504211692552885,0.8607389676440688
earliest,30,3,duration,short,1788,0.036753355704698086,0.6469283980943992,0.7376214620042529
earliest,30,3,duration,medium,1787,-0.4818774482372694,0.3022479704836909,0.7826771048098068
earliest,30,3,duration,long,1788,-6.598064876957505,0.6180910153717252,0.23135928213904422
earliest,30,5,duration,short,1788,0.04453859060402684,0.573855305932236,0.6959623398072813
earliest,30,5,duration,medium,1787,-1.020344152210409,0.026175409734268844,0.21257304574010827
earliest,30,5,duration,long,1788,-10.091644295302018,0.3300786264739912,0.31537450706848036
earliest,30,10,duration,short,1788,-0.017055369127516793,0.8327884630412243,0.8707100322230474
earliest,30,10,duration,medium,1787,-1.2900027979854507,0.009630853525533663,0.06427990914764836
earliest,30,10,duration,long,1788,-38.545715883668905,0.0006080397955909504,1.833593695676319e-06
earliest,60,1,duration,short,1788,0.016003914988814344,0.8420906344321929,0.3139204518320795
earliest,60,1,duration,medium,1787,-0.4141606043648573,0.38036646067507207,0.7007363224507535
earliest,60,1,duration,long,1788,4.692589485458598,0.6332435220932111,0.9015500806731661
earliest,60,3,duration,short,1788,0.033531879194630874,0.6757242789858451,0.10118303737812856
earliest,60,3,duration,medium,1787,-0.6717935086737549,0.1311268700112062,0.15800508014047387
earliest,60,3,duration,long,1788,-9.050453020134237,0.3676821166917872,0.0909383071347199
earliest,60,5,duration,short,1788,0.029370805369127565,0.7251662205015239,0.322796080809877
earliest,60,5,duration,medium,1787,-0.4272439843312821,0.34860497923141964,0.7813020284863323
earliest,60,5,duration,long,1788,-14.296912751677858,0.17131789993832397,0.11444259336732163
earliest,60,10,duration,short,1788,0.09490771812080535,0.2380951369556196,0.09585211132587529
earliest,60,10,duration,medium,1787,-0.7812171236709573,0.0758106373612529,0.33745953191986844
earliest,60,10,duration,long,1788,-17.828596196868013,0.10145241332066023,0.13882341820967486
hubs,0,1,duration,short,1788,-2.2512555928411633,9.969456922643073e-88,2.958428523295441e-137
hubs,0,1,duration,medium,1787,-14.078961947397874,9.573833567761953e-102,2.3312974456842863e-145
hubs,0,1,duration,long,1788,-152.6192393736018,1.4292884640779968e-33,8.393159638577368e-104
hubs,0,3,duration,short,1788,-2.965092281879194,1.0885482077209227e-147,1.0502001332363106e-204
hubs,0,3,duration,medium,1787,-18.724524342473423,1.5505471929417881e-173,1.5967078798019688e-221
hubs,0,3,duration,long,1788,-238.98226510067116,3.534926591261643e-51,1.1659645192063466e-186
hubs,0,5,duration,short,1788,-2.9148238255033556,3.338204864979583e-151,1.2727583405587227e-207
hubs,0,5,duration,medium,1787,-18.200372132064913,1.0580759501613793e-166,3.068574857321153e-217
hubs,0,5,duration,long,1788,-234.48843959731542,1.346038406941511e-60,1.295019929808118e-185
hubs,0,10,duration,short,1788,-2.9480564876957494,4.489570146678141e-148,9.564517619490349e-209
hubs,0,10,duration,medium,1787,-18.757025741466144,1.891561926261919e-177,4.2050297717511447e-225
hubs,0,10,duration,long,1788,-228.7525447427293,4.067010036801097e-59,3.5892290165412e-192
hubs,15,1,duration,short,1788,-0.007905480984340015,0.9218127634997537,0.6396476973829582
hubs,15,1,duration,medium,1787,-1.037036933407947,0.028398321712214066,0.11664328480441803
hubs,15,1,duration,long,1788,-11.273629753915,0.25853960596812003,0.40526119665304816
hubs,15,3,duration,short,1788,-0.14638422818791946,0.08227799413739643,0.35497397299843525
hubs,15,3,duration,medium,1787,-1.7060464465584784,0.0006993799541393877,0.002988779917901378
hubs,15,3,duration,long,1788,-45.73520693512305,9.67175243043933e-05,8.11995149523394e-05
hubs,15,5,duration,short,1788,-0.03891778523489932,0.637617205842059,0.38547765945207835
hubs,15,5,duration,medium,1787,-2.1436569669837717,2.4644571469827324e-05,0.0005381035163301878
hubs,15,5,duration,long,1788,-51.92456375838926,3.143248430864356e-05,9.374702979205966e-05
hubs,15,10,duration,short,1788,-0.07693232662192394,0.38049738632659513,0.7199813906867767
hubs,15,10,duration,medium,1787,-2.017249580302183,7.287708876142582e-05,0.0002405321354906862
hubs,15,10,duration,long,1788,-55.60329418344519,1.0440015038572093e-06,2.9324436999144524e-06
hubs,30,1,duration,short,1788,0.04316275167785238,0.5885431421347452,0.20966127046370653
hubs,30,1,duration,medium,1787,-0.14652770005595991,0.750617096564326,0.5284730255278222
hubs,30,1,duration,long,1788,-7.620206935123051,0.49077481709012405,0.06423622937362045
hubs,30,3,duration,short,1788,-0.04900727069351228,0.5334987029509586,0.8095782911096974
hubs,30,3,duration,medium,1787,-1.3984862898712933,0.002716794183637853,0.05927187535634072
hubs,30,3,duration,long,1788,-38.01637024608501,0.0004902946656234137,0.0003459145397817476
hubs,30,5,duration,short,1788,0.010634787472035723,0.8968926509061302,0.211007768859807
hubs,30,5,duration,medium,1787,-2.4682960268606604,2.1178249703129367e-07,2.5659182274704437e-05
hubs,30,5,duration,long,1788,-29.645190156599554,0.007484074839419688,0.00010735086050581442
hubs,30,10,duration,short,1788,-0.02994127516778526,0.7131292069623196,0.9505814219160713
hubs,30,10,duration,medium,1787,-2.0083687744823733,3.1119794621249874e-05,0.0003804556833815789
hubs,30,10,duration,long,1788,-38.011107382550335,0.00032740523604642477,0.0009433346745180166
hubs,60,1,duration,short,1788,-0.008453579418344499,0.9167669648810745,0.6440660866472341
hubs,60,1,duration,medium,1787,-0.7405847789591495,0.11102360935270947,0.44609880897562204
hubs,60,1,duration,long,1788,-3.733590604026859,0.6903816040084508,0.2927387114946469
hubs,60,3,duration,short,1788,-0.044303691275167804,0.5823121289872674,0.788583194226478
hubs,60,3,duration,medium,1787,-1.1295495243424731,0.015832657579528914,0.0743892637334013
hubs,60,3,duration,long,1788,-23.20582774049218,0.019733199176922747,0.04383736251645236
hubs,60,5,duration,short,1788,0.045053131991051425,0.5667380254001657,0.416330654633877
hubs,60,5,duration,medium,1787,-1.257546166759933,0.007310605324891686,0.01141682907827533
hubs,60,5,duration,long,1788,-16.88394295302014,0.11145167735052697,0.03888701728639525
hubs,60,10,duration,short,1788,0.05301733780760622,0.5000135662392786,0.37530468731705713
hubs,60,10,duration,medium,1787,-0.9345075545607167,0.03582927453072309,0.11430163790893103
hubs,60,10,duration,long,1788,-29.47543624161075,0.011210104881752607,0.08373243056052364
random,0,1,duration,short,1788,-1.380657158836689,4.016756338323083e-44,8.196640995522913e-61
random,0,1,duration,medium,1787,-9.003220481253496,1.1995863856453826e-57,1.8880940146196346e-69
random,0,1,duration,long,1788,-107.33192953020135,5.849746170433308e-17,2.5863735859925297e-54
random,0,3,duration,short,1788,-2.9124972035794183,1.1193001193470644e-142,2.4601121720650867e-209
random,0,3,duration,medium,1787,-18.56318130945719,1.2383852509350564e-167,6.512471237958315e-221
random,0,3,duration,long,1788,-232.795341163311,1.3090575319824062e-52,8.342612281588691e-187
random,0,5,duration,short,1788,-2.9377265100671144,2.280401338415551e-146,2.229818070000163e-205
random,0,5,duration,medium,1787,-18.30465304980414,2.5080132905441123e-164,1.4076029725765258e-222
random,0,5,duration,long,1788,-214.97342281879193,2.5816080597461697e-62,4.945719320757541e-182
random,0,10,duration,short,1788,-2.971188478747204,1.0265606089656749e-150,1.0108427167136275e-211
random,0,10,duration,medium,1787,-18.23004756575266,6.919018906340321e-165,3.7221336965745765e-225
random,0,10,duration,long,1788,-220.02060961968678,9.342338723729357e-52,1.7616184636369282e-185
random,15,1,duration,short,1788,-0.042586689038031304,0.6126831327937234,0.8837334608565881
random,15,1,duration,medium,1787,-0.8485534415221043,0.05384084671581727,0.16186139235659391
random,15,1,duration,long,1788,-0.9332046979865806,0.9207636490214967,0.4464271923160138
random,15,3,duration,short,1788,-0.09379474272930649,0.2562592226428128,0.7721710848551306
random,15,3,duration,medium,1787,-0.7294096250699498,0.1298772715685657,0.6402260472531042
random,15,3,duration,long,1788,-16.81096756152126,0.15252763008177636,0.006340158285804821
random,15,5,duration,short,1788,-0.040590044742729314,0.6155312079652436,0.7915254959311377
random,15,5,duration,medium,1787,-1.7131141578063793,0.00029183173600843144,0.02543188194920133
random,15,5,duration,long,1788,-37.41682885906041,0.0008219386594920533,5.8000170166649516e-05
random,15,10,duration,short,1788,-0.06500838926174494,0.4471085598013771,0.45580956611452805
random,15,10,duration,medium,1787,-2.2524090654728592,1.0408904223399856e-05,0.0002671294585422284
random,15,10,duration,long,1788,-41.570822147651015,0.0002788295892623936,2.8954889424608583e-05
random,30,1,duration,short,1788,0.023464765100671116,0.7654655481488755,0.23593109521461664
random,30,1,duration,medium,1787,-0.2482176832680474,0.5839890137287531,0.46263253350934197
random,30,1,duration,long,1788,7.534155480984325,0.4479558736084972,0.14034624265243664
random,30,3,duration,short,1788,-0.021003914988814352,0.7961439538511579,0.9557267672397564
random,30,3,duration,medium,1787,-0.8909149412423051,0.049050246880606684,0.31600612931545224
random,30,3,duration,long,1788,-0.8730369127516823,0.9345513766024398,0.7542003213886536
random,30,5,duration,short,1788,0.012754474272930704,0.8714527108409927,0.8180978262991536
random,30,5,duration,medium,1787,-1.1126049244543932,0.016661903812571953,0.17436702936134973
random,30,5,duration,long,1788,-20.84135346756153,0.055249604161605154,0.0034082997690235758
random,30,10,duration,short,1788,-0.012547539149888121,0.8753851721633346,0.6084563153334787
random,30,10,duration,medium,1787,-1.4517823167319535,0.0020184886706508857,0.04356034978505262
random,30,10,duration,long,1788,-47.304809843400456,1.0538376754533622e-05,0.00015935892787797448
random,60,1,duration,short,1788,0.050232102908277454,0.5304090780329285,0.5579316393265095
random,60,1,duration,medium,1787,-0.3690346950195862,0.40490719976998524,0.4529479553734832
random,60,1,duration,long,1788,4.445218120805365,0.6583905158646501,0.7072663668552275
random,60,3,duration,short,1788,0.08284395973154363,0.2920790773944765,0.6028337969939136
random,60,3,duration,medium,1787,-0.6184023503077789,0.17816363146303646,0.8137525052617903
random,60,3,duration,long,1788,-12.134530201342285,0.22813440222104145,0.6237421750112662
random,60,5,duration,short,1788,0.07909116331096198,0.3369859942400887,0.21008064717850605
random,60,5,duration,medium,1787,-0.9267627308338,0.049266459872354965,0.06314907340576144
random,60,5,duration,long,1788,-17.31940715883669,0.11315956217451176,0.03872990249134791
random,60,10,duration,short,1788,0.06989653243847878,0.40470626392633513,0.18119667984581567
random,60,10,duration,medium,1787,-1.3938919977616118,0.002726251580373038,0.04010102639593933
random,60,10,duration,long,1788,-21.32083333333335,0.04905605160699514,0.12212779795910943
